Z,dT,Fitness,Precision,Generality,Simplicity
35,259200,0.9999089914261701,0.5628637622195852,0.8806682014669105,0.631578947368421
135,259200,0.9999384997979162,1.0,0.9447936680774965,0.8181818181818181
160,259200,1.0,1.0,0.961424162509477,1.0
259,259200,1.0,1.0,0.9570066419607652,1.0
321,259200,1.0,1.0,0.9442721787424647,1.0
