Z,dT,Fitness,Fitness_cmp,Precision,Precision_cmp,Generality,Generality_cmp,Simplicity,RISK_AT_0.3,RISK_AT_0.6,RISK_AT_0.9,RISK_A_0.3,RISK_A_0.6,RISK_A_0.9
32,259200,0.9998352283768356,0.7256903879389793,0.2679634595282462,0.18950587027052257,0.9134969161333653,0.8725669536886193,0.6639999999999999,0.0,0.008298755186721992,0.5601659751037344,0.0,0.0,0.02074688796680498
64,259200,0.9998506283377612,0.719396310635029,0.2509130579139591,0.17303199351547227,0.89861777023232,0.854183033867308,0.65625,0.0,0.004149377593360996,0.38589211618257263,0.0,0.0,0.03734439834024896
75,259200,0.9998534756720487,0.7040463883100248,0.2524999385764477,0.16768292682926833,0.913780063177449,0.887459446532235,0.663716814159292,0.0,0.008298755186721992,0.2946058091286307,0.0,0.0,0.03319502074688797
90,259200,0.9998530424555839,0.6679943757422778,0.29230677799898974,0.1908101839067764,0.9217005410183654,0.9034832481631152,0.673469387755102,0.0,0.004149377593360996,0.22406639004149378,0.0,0.0,0.02074688796680498
100,259200,0.99985840893137,0.661819956140003,0.32572962093257296,0.21696042150159944,0.9211971586512004,0.9018002475213692,0.6888888888888889,0.0,0.004149377593360996,0.1991701244813278,0.0,0.0,0.004149377593360996
