Z,dT,Fitness,Fitness_cmp,Precision,Precision_cmp,Generality,Generality_cmp,Simplicity,RISK_AT_0.3,RISK_AT_0.6,RISK_AT_0.9,RISK_A_0.3,RISK_A_0.6,RISK_A_0.9
32,259200,0.999696084252438,0.7291852080005511,0.1747445597067312,0.11023810579523785,0.8842285324219515,0.8621897634274398,0.6533333333333333,0.0,0.016597510373443983,0.46473029045643155,0.0,0.0,0.06639004149377593
64,259200,0.9998604640466222,0.7156277156835122,0.2501353685893304,0.1452649002272638,0.8552131260989027,0.7962663753618215,0.6541353383458647,0.0,0.004149377593360996,0.2697095435684647,0.0,0.0,0.07883817427385892
75,259200,0.9998586123039379,0.6872939152119891,0.24175454341485303,0.13163954657065435,0.8504632355160295,0.7464406635168284,0.6451612903225807,0.0,0.029045643153526972,0.2157676348547718,0.0,0.0,0.029045643153526972
90,259200,0.999839278987275,0.6628837986200214,0.28310533990695086,0.1460845610576209,0.8403449922264024,0.7654827653990016,0.6666666666666666,0.0,0.012448132780082987,0.13692946058091288,0.0,0.0,0.03734439834024896
100,259200,0.9998336074919401,0.6569017470046192,0.26568583537194634,0.1277534550359507,0.8320469611566783,0.746282760771823,0.6639999999999999,0.0,0.004149377593360996,0.11203319502074689,0.0,0.0,0.03319502074688797
